,CrashSeverity,NumberOfUnits,UnitInError,CrashDateTime,Latitude,Longitude,LocationRouteType,LocationRouteNumber,LocationPrefix,LocationRoadName,LocationRoadType,MannerOfCollision,Weather,LightCondition,Narrative,CrashReportedDateTime,DispatchedDateTime,ArrivedDateTime,RoadCondition,TotalInjured,TotalKilled,AnimalRelated,AlcoholRelated,SpeedRelated,TeenRelated
142,Property Damage Only,2,2,8/18/2020 17:19,40.057328000000005,-82.40397,,,West,Main,Street,Angle,Clear,Daylight,Unit 1 was heading northbound on 4th St and had a green light. Unit 2 was heading eastbound on West Main St and had a red light. Unit 1 struck Unit 2. The driver of Unit 1 stated she had the green light. Two other witnesses at the scene stated that Unit 1 had the green light. Driver of Unit 2 stated he had the green light. This contradicts witness statements. Witnesses also said that people were honking their horns at Unit 2 to get him to stop. The driver of Unit 2 was found to be under the influence of alcohol. Driver of Unit 2 was issued a citation for OVI and failure to obey a red light and found at fault for the accident.,8/18/2020 17:19,8/18/2020 17:19,8/18/2020 17:22,Dry,0,0,False,True,False,False
143,Property Damage Only,2,2,8/17/2020 16:30,40.069127,-82.436421,,,North,VILLAGE,Drive,Not Collision Between Two Vehicles in Transport,Clear,Daylight,Unit 2 driver had stopped and parked the unit; and was talking to another company driver. These units had been blocking the driveway to 870 N. Village Drive. Unit1 drove past and returned; and the parked approxiamtely 25 feet to the rear of Unit 2.  Both Units 1 and 2 were stopped/parked illegally; on the wrong side of the road; and facing the wrong direction. Driver of Unit 2 re-entered the unit and engaged the unit to back up. Unit 2 driver did not look behind the unit; nor reportedly were they able to see Unit 1. Unit 2 then backed into the center front of Unit 1; causing disabling damage. Vehicle registrations were checked; and  Unit 2 was found to display a registration of PKA 8634 that did not display a weight or expiration sticker. Registration was found to have expired 10-31-2019; and also belonged on a different vehicle. The business owner was contacted directly; and was made aware of the issue. This made Unit 2 illegal to even be on the roadway. If not on the roadway; then it would not have been present; or involved in this crash. The majority of violations fall to the driver; and owner of Unit 2.,8/17/2020 16:34,8/17/2020 17:16,8/17/2020 17:35,Dry,0,0,False,False,False,False
144,Property Damage Only,2,2,8/10/2020 0:01,40.094283000000004,-82.440251,,,,CHURCHILL DOWNS,Road,Not Collision Between Two Vehicles in Transport,Clear,Daylight,Unit 1 was a legally parked; driverless vehicle;  Unit 2 is an unidentified vehicle; with no information other than being blue in color. Unit 2 reportedly struck Unit 1; tearing off the front license plate; and leaving a little bit of blue paint transfer.  No further information known.,8/10/2020 20:36,8/10/2020 20:40,8/10/2020 20:51,Dry,0,0,False,False,False,False
145,Property Damage Only,2,1,8/18/2020 11:10,40.048840000000006,-82.441846,,,West,Main,Street,Rear-end,Clear,Daylight,Unit 1 rear ended Unit 2 at intersection of W. Main Street and S. 30th Street. Both units were in east bound lane (on W. Main) stopped at traffic light. Unit 1 rear ended Unit 2. Driver of Unit1 claimed that light turned green and Unit 1 began to move foward then stopped abruptly; causing him to un-intentionally rear end her. Unit 2 driver however advised that only the left turn lane turned green and she did not move but unit 1 moved and rear ended her. Regardless of who moved or status of the light color; Unit1 had responsibility to maintain assured clear distance between his unit and unit in front of him. Unit 1 failed to maintain that assured clear distance ahead. Neither driver complained of any injuries. Each driver completed an written OH-3. Photos taken by reporting officer of each unit. ,8/18/2020 11:10,8/18/2020 11:54,8/18/2020 12:04,Dry,0,0,False,False,False,False
146,Property Damage Only,2,1,7/18/2020 12:46,40.048906,-82.441636,,,South,30th,Street,Angle,Clear,Daylight,"07/18/2020; 1246 hours; Unit#02 was traveling north on South 30th Street and started to change lanes to the ""left turn only"" lane near the 30th Street intersection.  Unit#01 was traveling north on South 30th Street in the center multi-turn lane without turning prior to the lane becoming a left turn only lane.  Unit#02 struck Unit#01 in the turn lane.  Unit#01 left the scene of the traffic crash without being identified.  Unit#01 failed to follow rules for marked lanes.  Unit#01 remains unidentified at this time.",7/18/2020 12:46,7/18/2020 12:48,7/18/2020 12:57,Dry,0,0,False,False,False,False
147,Property Damage Only,2,1,8/19/2020 21:55,40.049305,-82.40252199999999,,,South,5th,Street,Angle,Clear,Dark - Lighted Roadway,On the listed date and time; Officer Burris and I were dispatched to a hit skip accident at the location of 229 S. 5th St. Upon arrival; We made contact with the caller; Aaliyah Nichols. She is the owner of unit #2. Aaliyah stated unit #2 was parked outside of her residence along the roadway when she heard a crash. When she looked outside of her residence; she noticed another vehicle had hit her vehicle. Unit #1 was driven by a white male with no T-shirt on. Unit #1 had an Indiana license plate #390RQI. The male jumped back into the vehicle and left the scene. the vehicle was described as a light green Chrysler 300. Unit #1 was located a few moments later in an alley across from 65 Harrison St. Multiple witenesses stated the vehicle was driven by Devon Lamartz; who had fled the scene. Unit #1 had minor damage to the front left bumper while unit #2 had minor damage to the rear driver's side door. Respectfully submitted; Officer Brandon M. Shepherd #3267,8/19/2020 21:55,8/19/2020 21:56,8/19/2020 21:56,Dry,0,0,False,False,False,False
149,Property Damage Only,2,2,8/20/2020 23:05,40.075853,-82.414633,,,,MT Vernon ,Road,Rear-end,Clear,Dark - Lighted Roadway,Driver of Unit 1 states he was hit by a Unit 2 from the rear.  Unit 2 then passed him and left the area.  Vehicle stopped at the Pizza Cottage restaurant but driver of Unit 1 wasn't able to obtain a license plate.,8/20/2020 23:14,8/20/2020 23:15,8/20/2020 23:25,Dry,0,0,False,False,False,False
150,Property Damage Only,2,1,8/20/2020 15:53,40.05854,-82.44085600000001,,,West,Church,Street,Angle,Clear,Daylight,08/20/2020; 1553 hours; Unit#02 was traveling south on N 30th Street and entered the West Church Street intersection on a green traffic signal.  Unit#01 was traveling east on W Church Street and stopped at the N 30th Street intersection and started to turn right to travel south on N 30th Street.  Unit#01 struck Unit#02 in the intersection.  Unit#01 failed to yield right of way to Unit#02.,8/20/2020 15:53,8/20/2020 16:12,8/20/2020 16:17,Dry,0,0,False,False,False,True
151,Property Damage Only,2,1,8/21/2020 23:44,40.06022,-82.39364,,,North,Buena Vista,Street,Not Collision Between Two Vehicles in Transport,Clear,Dark - Lighted Roadway,Unit Two was parked and unoccupied.  Unit One was traveling N/B on N. Buena Vista Street and sideswiped Unit Two.  Unit One did not remain at scene.,8/21/2020 23:44,8/21/2020 23:46,8/22/2020 0:10,Dry,0,0,False,False,False,False
152,Property Damage Only,2,1,8/22/2020 17:13,40.06037,-82.3864,,,,TUSCARWARUS,Street,Head-on,Clear,Daylight,Unit#2 was traveling West on Tuscarwarus St and was legally stopped at the stop sign located in the intersection of Tuscarwarus and N Cedar St.  Unit#1 was traveling South on N Cedar St.  Unit#1 then attempted to turn left onto Tuscarwarus.  Unit#1 was left of center during the turn and struck Unit#2 in the left front part of Unit#2.  Unit#1 was found to be driving on a suspended license and was cited for left of center and DUS.,8/22/2020 17:13,8/22/2020 17:14,8/22/2020 17:18,Dry,0,0,False,False,False,False
153,Property Damage Only,2,1,8/22/2020 21:35,40.048519,-82.41739100000001,,,,Wehrle,Avenue,Sideswipe; same direction,Clear,Dark - Lighted Roadway,Unit 1 was traveling eastbound on Wehrle Ave. As Unit 1 approached Shawnee St.; a truck came left of center causing the driver of Unit 1 to swerve to the right. As Unit 1 swerved; it struck Unit 2 which was parked facing eastbound on Wehrle. Due to the collision; Unit 1 lost its front passenger side tire stopping roughly 100 yards from Unit 2. The driver of Unit 1 was checked by EMS and cleared. Unit 2 was unoccupied.,8/22/2020 21:35,8/22/2020 21:39,8/22/2020 21:42,Dry,0,0,False,False,False,False
154,Property Damage Only,2,1,8/23/2020 8:00,40.0526,-82.4146,,,,Wilson,Street,Sideswipe; opposite direction,Clear,Daylight,On listed date and time Unit #1 was traveling eastboiund on Wilson St when Unit #1 struck Unit#2 who was stationary and parked on Unit#2's drivers side door causing great damage. Unit #1 stopped vehicle from disabling damage to front right tire in front of Unit #2 in roadway and abandoned vehicle in roadway. Unit#2 was towed to impound lot due to being abandoned in roadway. Unit #1 was cited for multiple traffic offences. Unit #1 did not posess insurance at the time of accident and also admitted that the reason he struck Unit #2 was because he was using his cell phone.,8/23/2020 8:00,8/23/2020 8:18,8/23/2020 8:20,Dry,0,0,False,True,True,False
155,Property Damage Only,2,1,8/24/2020 7:20,40.0634,-82.42931,State Route,16,,,,Other/Unknown,Clear,Daylight,On listed date and time Unit #2 was driving westbound on the SR-161 off ramp onto N 21st street when Unit #2 approached the intersection Unit#1 rear ended Unit#2. No bodily injuries were present only minor damage to Unit#1 and Unit#2. ,8/24/2020 7:22,8/24/2020 7:42,8/24/2020 7:45,Dry,0,0,False,False,False,False
157,Property Damage Only,2,1,8/23/2020 19:00,40.07547,-82.449679,,,,COUNTRY CLUB,Drive,Rear-end,Clear,Daylight,UNIT 1 AND UNIT 2 WERE BOTH HEADING NORTHBOUND ON COUNTRY CLUB DR APPROACHING THE STOP SIGN AT SHARON VALLEY RD. UNIT 1 WAS STOPPED AND WAITING FOR TRAFFIC TO CLEAR; BEFORE MAKING A RIGHT TURN. UNIT 1 WAS BEHIND UNIT 2 AND WAS WATCHING TRAFFIC; NOT REALIZING THAT UNIT 2 WAS STILL STOPPED. UNIT 1 PROCEEDED FORWARD AND HIT UNIT 2 IN THE BACK END. UNIT 1 WAS ADVISED HE WAS AT FAULT FOR ACDA. PHOTOS WERE TAKEN OF BOTH VEHICLE; WHICH SUSTAINED MINOR DAMAGE; UNIT 2 TO THE REAR LEFT SIDE AND UNIT 1 TO THE FRONT RIGHT SIDE. NO INJURIES WERE REPORTED.,8/23/2020 19:00,8/23/2020 19:07,8/23/2020 19:14,Dry,0,0,False,False,False,True
158,Property Damage Only,2,1,8/25/2020 16:17,40.044044,-82.442137,,,South,30TH,Street,Rear-end,Cloudy,Daylight,UNIT 1 AND UNIT 2 WERE BOTH HEADING SOUTHBOUND ON S 30TH ST APPROACHING THE RAILROAD TRACKS NEAR 175 S 30TH ST. UNIT 2 SLOWED IN TRAFFIC; AS PEOPLE WERE SLOWING DOWN AS THEY CROSSED THE RAILROAD TRACKS. UNIT 1 DID NOT SEE THAT UNIT 2 WAS SLOWING WITH TRAFFIC AND COLLIDED WITH THE BACK END OF HER. UNIT 1 SUSTAINED NO VISIBLE DAMAGE. UNIT 2 APPEARED TO HAVE VERY MINOR DAMAGE FROM THE SCREWS OF THE LICENSE PLATE. NO INJURIES WERE REPORTED. THE DRIVER OF UNIT 1 WAS CITED FOR ACDA AND DUE TO ONLY HAVING A TEMPORARY PERMIT AND NO LICENSED DRIVER IN THE VEHICLE; UNIT 1 WAS ALSO CITED FOR DRIVING WITHOUT A VALID LICENSE. ,8/25/2020 16:17,8/25/2020 16:36,8/25/2020 17:00,Wet,0,0,False,False,False,False
159,Property Damage Only,2,1,8/24/2020 22:00,40.05898,-82.40465,,,West,Church,Street,Other/Unknown,Other/Unknown,Dark - Unknown Roadway Lighting,On 08/25/2020 Unit 02 reported they had left their vehicle parked over night near 34 W. Church St. on 08/24/2020. Unit 02 stated on todays date she returned to her vehicle and noticed it had been struck by an unknown vehicle on the driverside rear bumper. Unit 02 advised their may be video footage; yet has no known suspects at this time. ,8/25/2020 11:49,8/25/2020 12:08,8/25/2020 12:13,Other/Unknown,0,0,False,False,False,False
160,Minor Injury Suspected,3,1,8/25/2020 16:09,40.083861,-82.42774200000001,,,,Goosepond ,Road,Angle,Cloudy,Daylight,On this listed date the defendant; Unit #1 failed to yield when entering the roadway from a private drive/roadway;  between the rear of Walgreen's and to the east of Red Oak Pub crossing Goosepond Dr onto Long Pond Dr when he was struck by Unit #2 then thrown into Unit #3.  Unit #1 admitted fault.  Unit #1 is at fault.,8/25/2020 16:09,8/25/2020 16:09,8/25/2020 16:13,Wet,0,0,False,False,False,False
161,Property Damage Only,2,1,8/23/2020 9:55,40.083861,-82.42774200000001,,,North,21st,Street,Other/Unknown,Cloudy,Daylight,Unit #2 was parked in the Walmart parking lot when Unit #1 hit Unit #2 in the rear passenger side of truck bed  and left the scene.,8/23/2020 9:55,8/23/2020 9:55,8/23/2020 9:55,Dry,0,0,False,False,False,False
162,Property Damage Only,3,1,8/27/2020 17:34,40.0585,-82.42244000000001,,,West,Church,Street,Backing,Clear,Daylight,Unit #2 and Unit #3 were parked in the parking spaces. Unit #1 backed up; and struck Unit #2 and Unit #3. Unit #1 then left the scene of the crash. Unit #1 is at fault for hit-skip and improper backing.,8/27/2020 17:34,8/27/2020 17:38,8/27/2020 17:42,Dry,0,0,False,False,False,False
163,Minor Injury Suspected,2,1,8/27/2020 13:37,40.06001,-82.42979,,,North,21st,Street,Rear-end,Clear,Daylight,Unit 1 and Unit 2 were both traveling from South to North on N 21st St. Unit 2 came to a stop in traffic and Unit 1 failed to assure clear distance and impacted the rear of Unit 2. Unit 1 was at fault and issued a citation for ACDA. Unit 1 driver was transported to LMH. Unit 2 driver and passenger refused to be transported to the hospital. ,8/27/2020 13:37,8/27/2020 13:37,8/27/2020 13:39,Dry,0,0,False,False,False,False
164,Property Damage Only,2,1,8/26/2020 12:41,40.04748,-82.42626,,,South,Williams,Street,Angle,Clear,Daylight,On the above date and time; Unit #1 was travelling WB on Grant St. When Stopping at the stop sign he believed the traffic was clear and went through the intersection. Unit #2 was travelling SB on S. Williams St. Unit #2 struck unit #1 due to Unit #1 entering the intersection.,8/26/2020 12:41,8/26/2020 12:41,8/26/2020 12:46,Dry,0,0,False,False,False,False
165,Property Damage Only,2,2,8/27/2020 13:59,40.066872,-82.429186,,,North,21ST,Street,Rear-end,Clear,Daylight,Unit#1 and Unit#2 were traveling south on N. 21st St. Unit#1 stopped for the traffic control light and was struck in the rear by Unit#2. Unit#2 had a suspended Ohio driver license and was cited for acda; driving under suspension. ,8/27/2020 13:59,8/27/2020 13:59,8/27/2020 13:59,Dry,0,0,False,False,False,False
166,Minor Injury Suspected,2,1,8/28/2020 18:03,40.047184,-82.422165,,,,Grant,Street,Rear-end,Cloudy,Daylight,On the listed date and time; Officer Carter and I were dispatched to an injury accident at the listed location. Unit #1 was following unit #2 while traveling eastound on Grant St. near the intersection of Union St. The driver of unit #1 stated he took his eyes off the road and rear ended unit #2; while unit #2 was stopped for the red light at the intersection. The driver of unit #1 admitted to being at fault for the accident. Officer Carter issued the driver of unit #1 a citation. The driver of unit #2 stated she had a neck injury from the accident and was transported to LMH by EMS. Speedy's towing arrived on scene to tow both units.     Respectfully submitted;  Officer Brandon M. Shepherd #3267  ,8/28/2020 18:03,8/28/2020 18:05,8/28/2020 18:07,Wet,0,0,False,False,False,False
167,Property Damage Only,2,1,8/28/2020 18:00,40.078224,-82.415782,State Route,13,,,,Rear-end,Clear,Daylight,Unit 1 was traveling southbound on Mt. Vernon Rd. Unit 2 was also southbound on Mt. Vernon Rd. As Unit 2 slowed down approaching W. Postal Ave; Unit 1 hydroplanned attempting to stop striking Unit 2. All occupants of both vehicles had no injuries and minor damage.,8/28/2020 18:00,8/28/2020 18:09,8/28/2020 18:14,Wet,0,0,False,False,False,False
168,Property Damage Only,1,1,8/28/2020 18:18,40.06085,-82.38911,State Route,16,,,,Not Collision Between Two Vehicles in Transport,Rain,Daylight,Unit#1 was traveling west on St Rt 16 when Unit#1 began to hydro plane on water in the roadway.  Unit#1 lost control and began to spin striking the center median.  Unit#1 came to a rest approximately one hundred feet from the beginning of the crash.,8/28/2020 18:18,8/28/2020 18:21,8/28/2020 18:28,Wet,0,0,False,False,True,False
169,Minor Injury Suspected,1,1,8/28/2020 7:39,40.049129,-82.415092,,,,WEHRLE,Avenue,Not Collision Between Two Vehicles in Transport,Clear,Dawn/Dusk,UNIT ONE WAS TRAVLEING IN THE EASTBOUND LANE AND STATES THAT SHE FELL ASLEEP AT THE WHEEL. BASED ON VIDEO EVIDENCE; UNIT ONE WAS TRAVLEING AT A HIGH RATE OF SPEED AND CRASHED INTO THE UTILITY POLE AND MADE ONE COMPLETE ROTATION IN THE VEHICLE. ,8/28/2020 7:39,8/28/2020 7:39,8/28/2020 7:43,Dry,0,0,False,False,True,False
170,Property Damage Only,2,1,8/28/2020 18:16,40.062115999999996,-82.40655799999999,State Route,13,,,,Rear-end,Cloudy,Daylight,Unit 01 was headed NB when it struck Unit 02 stopped at a traffic light. Unit 01 did not stop and left the scene. Unit 02 had no noticable damage but wanted the incident documented. Unit 02 reported no injuries.,8/28/2020 18:16,8/28/2020 18:17,8/28/2020 18:17,Wet,0,0,False,False,False,False
171,Property Damage Only,2,1,8/28/2020 11:38,40.044053000000005,-82.4421,,,South,30TH,Street,Rear-end,Cloudy,Daylight,08/28/2020; 1138 hours; Unit#02 was traveling north on South 30th Street and stopped for traffic near 175 S. 30th Street.  Unit#01 was traveling behind Unit#02; in the same lane; and failed to maintain an assured clear distance ahead and struck Unit#02 in the rear.,8/28/2020 11:38,8/28/2020 11:38,8/28/2020 11:48,Wet,0,0,False,False,False,False
172,Injury Possible,2,2,8/29/2020 13:58,40.076908,-82.41516899999999,,,,MT VERNON,Road,Rear-end,Clear,Daylight,ON 08/29/20 AT 1359 HOURS; THE DEFENDANT (UNIT 2) WAS TRAVELING SOUTHBOUND ON MT. VERNON ROAD. UNIT 1 WAS STOPPED ON MT. VERNON ROAD NEAR COTTAGE STREET FOR TRAFFIC. THE DEFENDANT (UNIT 2) FAILED TO STOP AND STRUCK THE REAR OF UNIT 1. THE CRASH CAUSED MINOR DAMAGE TO BOTH UNITS  AND NO OBVIOUS INJURIES. THE DEFENDANT WAS UNDER A NON-COMPLIANCE SUSPENSION AT TIME OF CRASH. THE DEFENDANT WAS CITED FOR ACDA AND DUS.    RESPECTFULLY SUBMITTED;    OFFICER DAVID BURRIS,8/29/2020 13:58,8/29/2020 13:59,8/29/2020 14:03,Dry,0,0,False,False,False,False
174,Property Damage Only,2,1,8/28/2020 21:37,40.064683,-82.42948299999999,,,North,21st,Street,Rear-end,Rain,Dark - Lighted Roadway,Unit 1 was traveling southbound on N. 21st St. Unit 2 was also traveling southbound on N. 21st St. between Granville Rd. and SR 16. A third party witness stated he was traveling soutbound on N.21st. when he observed Unit 1 pass him at a high rate of speed in the right hand lane between Moull St. and Granville Rd. The witness stated he observed Unit 1 continue to drive south on N. 21st St. going through the intersection of 21st and Granville Rd. Once Unit 1 got through the intersection; he drove off of the shoulder of N. 21st St. The witness stated he observed Unit 1 come back onto the roadway from the shoulder; and strike Unit 2. The driver of Unit 2 stated she was traveling at a slow rate of speed but not stopped when Unit 1 ran into her. Unit 2 ended up facing east in the northbound lane on N. 21st St. Neither drivers in Unit 1 or 2 were injured from the crash. The driver of Unit 1 was suspected of driving under the influence and conducted field sobriety tests by Officer Carter. The driver of Unit 1 was then arrested for OVI after completing the tests and transported to the Newark Police Department.,8/28/2020 21:37,8/28/2020 21:38,8/28/2020 21:40,Wet,0,0,False,True,True,False
175,Minor Injury Suspected,2,1,8/28/2020 21:55,40.06224,-82.417011,,,North,11th,Street,Rear-end,Cloudy,Dark - Lighted Roadway,Unit 01 was operating a motor vehicle under the influence and struck Unit 02 which was stopped at a red light. Unit 01 suffered disabling damage and the vehicle was impounded. Unit 02 suffered disabling damage; and the occupants reported possible injury. Unit 02 did not wish to write a statement.,8/28/2020 21:55,8/28/2020 21:57,8/28/2020 21:59,Wet,0,0,False,True,False,False
176,Property Damage Only,2,2,8/31/2020 18:34,40.075674,-82.411108,,,West,STEVENS,Street,Angle,Clear,Daylight,On listed date and time Unit 1 was traveling south on Hudson Ave. Unit 2 was traveling west on W Stevens Street. Unit 2 came to a stop at the stop sign at W Stevens Street and Hudson Ave. Unit 2 did not yeild to Unit 1 that was traveling through the intersection. Unit 1 had the right-a-way due to no stop sign. No injuries. Unit 2 was cited for Failure to Yield.,8/31/2020 18:34,8/31/2020 18:35,8/31/2020 18:39,Dry,0,0,False,False,False,False
177,Property Damage Only,2,1,8/19/2020 5:42,40.05726,-82.40423,State Route,79,,,,Rear-end,Clear,Dawn/Dusk,Unit #1 rear ended Unit #2.,8/19/2020 5:42,8/19/2020 5:50,8/19/2020 5:56,Dry,0,0,False,False,False,False
178,Property Damage Only,2,1,9/1/2020 16:12,40.045778000000006,-82.447948,,,South,34,Street,Backing,Clear,Daylight,UNIT 2 WAS SITTING IN HIS VEHICLE IN FRONT OF 59 S 34TH ST; PARKED. UNIT 1 BACKED OUT OF THE DRIVEWAY AT 62 S 34TH ST AND FAILED TO SEE UNIT 2; DESPITE UNIT 2 HONKING. UNIT 1 COLLIDED WITH THE DRIVER SIDE DOOR OF UNIT 2; CAUSING MINOR DAMAGE TO BOTH VEHICLES. NO INJURIES WERE REPORTED.,9/1/2020 16:12,9/1/2020 16:13,9/1/2020 16:57,Dry,0,0,False,False,False,False
179,Property Damage Only,3,1,9/1/2020 15:33,40.07326,-82.41309,State Route,13,,,,Rear-end,Cloudy,Daylight,Unit #3 and Unit #2 were slowing/stopping in traffic and Unit #1 didn't get stopped in time and rear ended Unit #2 who then rear ended Unit #3.  Unit #1 is at fault.,9/1/2020 15:33,9/1/2020 15:34,9/1/2020 15:36,Dry,0,0,False,False,False,False
180,Minor Injury Suspected,2,1,9/2/2020 12:48,40.0593,-82.3829,,,East,Main ,Street,Angle,Cloudy,Daylight,Unit 1 stated he was attempting to turn west onto E. Main St from Curtis Ave.  While doing so Unit 1 pulled out in front of of Unit 2 causing heavy damage to both vehicles.  Unit 1 was found to be driving under suspension and was found to be at fault.  Both drivers were transported to LMH for possible injuries.  ,9/2/2020 12:48,9/2/2020 12:51,9/2/2020 12:55,Dry,0,0,False,False,False,False
181,Property Damage Only,2,1,9/2/2020 14:37,40.074857,-82.44748299999999,,,,Sharon Valley,Road,Rear-end,Cloudy,Daylight,09/02/2020; 1437 hours; Unit#02 was traveling east on Sharon Valley Rd and stopped near the King Rd intersection.  Unit#01 was traveling behind Unit#02; in the same lane; and struck Unit#02 in the rear.  Unit#01 failed to maintain an assured clear distance ahead.,9/2/2020 14:37,9/2/2020 14:39,9/2/2020 14:45,Dry,0,0,False,False,False,False
182,Property Damage Only,2,1,8/31/2020 14:50,40.086084,-82.427515,,,North,21st,Street,Angle,Cloudy,Daylight,Unit #2 was w/b on Deo Dr turning s/b onto N 21st St when Unit #1 was turning w/b  into Wendy's and was struck by Unit #2.  Unit #1 is at fault.,8/31/2020 14:50,8/31/2020 14:56,8/31/2020 14:56,Dry,0,0,False,False,False,False
183,Property Damage Only,2,1,9/3/2020 6:45,40.052805,-82.423824,,,West,Main,Street,Sideswipe; same direction,Rain,Daylight,09/03/2020; 0756 hours; the owner of Unit#02 reported that Unit#02 was parked on a public street and another vehicle struck it and left the scene of the traffic crash.  Unit#02 had damage consistent with being struck by another vehicle.  Red paint transfer and Toyota auto parts were left in the debris field.,9/3/2020 7:56,9/3/2020 7:58,9/3/2020 8:11,Wet,0,0,False,False,False,False
184,Property Damage Only,3,2,9/4/2020 19:14,40.065419,-82.40854,State Route,13,,,,Angle,Clear,Daylight,Unit #1 was parked on the west side of SR 13. Unit #2 was traveling southbound behind Unit #3. Unit #3 attempted to make a left turn; to turn into a driveway. Unit #2 went around the vehicle; as Unit #3 was making the wide turn. Unit #2 was then struck by Unit #3; causing Unit #2 to strike Unit #1. Unit #2 is at fault.,9/4/2020 19:14,9/4/2020 19:25,9/4/2020 19:29,Dry,0,0,False,False,False,True
185,Property Damage Only,2,1,9/5/2020 8:44,40.05213,-82.427025,,,West,MAIN,Street,Not Collision Between Two Vehicles in Transport,Clear,Daylight,09/05/2020; 0844 hours; Unit#01 was traveling east on West Main Street and struck a parked vehicle(Unit#02) near 639 West Main Street.  Unit##01 failed to maintain control.  ,9/5/2020 8:44,9/5/2020 8:46,9/5/2020 8:52,Dry,0,0,False,False,False,False
186,Property Damage Only,2,1,9/5/2020 16:46,40.083851,-82.427709,,,North,21st,Street,Rear-end,Clear,Daylight,Unit 1 was traveling southbound on N. 21st St. approaching the Log Pond Dr. interesction. Unit 2 was also traveling south on N. 21st St. approaching the Long Pond intersection. As Unit 2 stopped for the red light; Unit 1 lightly rear ended Unit 2. Both vehicle pulled off the roadway until law enforcement could arrive on scene.,9/5/2020 16:46,9/5/2020 16:52,9/5/2020 16:52,Dry,0,0,False,False,False,False
187,Property Damage Only,2,1,9/6/2020 1:24,40.059845,-82.394064,,,North,Buena Vista ,Street,Angle,Clear,Dark - Lighted Roadway,Unit#2 was legally parker in front of 15 n Buena Vista St just South of the alleyway.  Unit#1 had been seen driving through the area and around the area of 15 N Buena Vista St.  Witnesses stated Unit#1 made approximately three trips down the alleyway and turned South on N Buena Vista St. Witness stated Unit#1 struck Unit#2 while she was turning South on N Buena Vista St.  Unit#1 was seen by the witness; while officers were in the area.  Unit#1 was stopped.  The driver of Unit#1 stated her ex had damaged her car and she was looking for him to find out why he had damaged her vehicle. Unit#1 had a dent in the left rear; not related to the accident and a broken windshield.  Unit#1 stated she did not realize she had struck Unit#2 until she observed the damage.  Unit#1 was cited for the accident. ,9/6/2020 1:24,9/6/2020 1:27,9/6/2020 1:29,Dry,0,0,False,False,True,False
188,Minor Injury Suspected,2,2,9/4/2020 6:11,40.078928000000005,-82.42814,,,North,21st,Street,Angle,Clear,Dawn/Dusk,Unit 1 was traveling south on N 21st St in the right hand lane.  An unknown vehicle turned left in front of him and he slowed as a second vehicle turned left as well (unit 2) as the light turned yellow. Unit 1 proceeded through the yellow light unable to stop in time and struck unit 2 as it turned in front of him.,9/4/2020 6:12,9/4/2020 6:12,9/4/2020 6:13,Dry,0,0,False,False,False,False
191,Property Damage Only,2,99,9/8/2020 8:53,40.052076,-82.419412,,,,Wilson,Street,Sideswipe; same direction,Clear,Daylight,"Unit #1 and Unit #2 were turning right onto Wilson from Union. Unit #2 stated Unit #1 took a wide turn causing Unit #2 to believe they were going straight or turning left. Unit #2 began to turn right when Unit #1 turned right and hit the bumper of Unit #2 causing Unit #2 to end up on the sidewalk. Unit #1 stated Unit #2 went onto the sidewalk to attempt to turn onto Wilson at the same time that she was.  It was undetermined who was at fault due to the conflicting stories at the time of the accident and unknown witnesses. Unit #2 after the fact called and gave us information regarding a witness. The witness who wrote a statement stated she saw a vehicle on the sidewalk while she was approaching the crash but was unable to give us any details regarding the incident. She stated she was on medication and her memory is not clear. She stated Unit #1 called her and tried to ""refresh her memory"" on the incident. The witness stated she does not even remember what she said. The witness wrote a statement regarding the incident.",9/8/2020 8:53,9/8/2020 8:59,9/8/2020 8:59,Dry,0,0,False,False,False,False