,CrashSeverity,NumberOfUnits,UnitInError,CrashDateTime,Latitude,Longitude,LocationRouteType,LocationRouteNumber,LocationPrefix,LocationRoadName,LocationRoadType,MannerOfCollision,Weather,LightCondition,Narrative,CrashReportedDateTime,DispatchedDateTime,ArrivedDateTime,RoadCondition,TotalInjured,TotalKilled,AnimalRelated,AlcoholRelated,SpeedRelated,TeenRelated
192,Property Damage Only,2,1,9/9/2020 9:30,40.06897,-82.410775,,,,MT VERNON,Road,Backing,Clear,Daylight,Witness stated Unit#2 was legally parked in a parking space.  Witness stated Unit#1 back out of a parking space and into the rear of Unit#2.  Witness stated the driver of Unit#1 was a white male and stated after striking Unit#2 Unit#1 stated he owned the car and left a note on the windshield stating he was sorry.  Unit#1 left the area without giving any of his information or reporting the accident to the owner of Unit#2.  Unit#2 was discribed as maroon work truck no other information was given.  ,9/9/2020 16:00,9/9/2020 16:59,9/9/2020 17:05,Dry,0,0,False,False,False,False
193,Property Damage Only,2,1,9/10/2020 18:44,40.08645,-82.42747,,,,Goose Pond,Road,Angle,Clear,Daylight,Unit 1 was making a left turn from the Walgreens parking lot onto Goose Pond Rd.  Unit 2 was traveling eastbound on Goose Pond Rd in front of Walgreens.  Unit 1 pulled into the path of Unit 2 causing a accident.  Unit 1 is found at fault for the accident for failure to yield while turning left.  Unit 1 was also suspended.  Unit 1 was released on a citation.,9/10/2020 18:44,9/10/2020 18:47,9/10/2020 19:03,Dry,0,0,False,False,False,True
194,Property Damage Only,2,1,9/11/2020 16:20,40.061415000000004,-82.408733,State Route,16,,,,Angle,Cloudy,Daylight,Unit#2 stated she was traveling E/B on St Rt.16 in the area of the the 4th St. exit.  Unit#2 and her witnesses stated the were in the 4th St exit lane when Unit#1 struck them on the passenger side of Unit#2.  Unit#1 stated he was on the N 11th St on ramp to St. Rt. 16 E/B entering the 4tth St off ramp when Unit#2 passed him causing him to strike them on the passenger side of Unit#2.  Unit#1 stated Unit#2 had been behind him on the N 11th St on ramp at the time they had passed him.  Unit#2 and both passengers stated they had been on St. Rt. 16 when they had entered the 4th St off ramp from St. Rt. 16 E/B.  Unit#2 had a cash receipt from a business in the area of Country Club and St Rt 16 E/B proving she had not been on St. Rt. 16 E/B prior to the accident.  Unit#1 was found at fault for the accident.  both units had moved from the area of the accident so Unit#1 was not cited.  ,9/11/2020 16:20,9/11/2020 16:29,9/11/2020 16:37,Dry,0,0,False,False,False,False
195,Property Damage Only,2,2,9/11/2020 11:10,40.041994,-82.442289,,,South,30TH,Street,Angle,Cloudy,Daylight,Unit#1 advised she was traveling north on S. 30th Street and was attempting to turn right onto Weiant Ave; when she was struck by Unit#2. Unit#1 advised Unit#2 was traveling south on S. 30th St. and was turning  left onto Weiant Ave. when he failed to yield.  Unit#2 left the scene after striking Unit#1. Unit#1 was unable to provide a license plate for Unit#2. ,9/11/2020 11:10,9/11/2020 11:13,9/11/2020 11:21,Dry,0,0,False,False,False,False
197,Property Damage Only,1,1,9/12/2020 23:36,40.06346,-82.40751,,,,Mt Vernon,Road,Not Collision Between Two Vehicles in Transport,Cloudy,Dark - Lighted Roadway,Unit One was traveling N/B when it went over raised median and struck State Route sign.  Unit One fled scene; but license plate was left behind.  Witnesses could not tell who was driving.  Unit One was located; but was unable to confirm who was driving; but was able to confirm that vehicle was one that struck sign.,9/12/2020 23:36,9/12/2020 23:38,9/12/2020 23:40,Dry,0,0,False,False,False,False
198,Property Damage Only,2,1,9/12/2020 17:15,40.070724,-82.407032,,,,Maple,Alley,Sideswipe; same direction,Clear,Daylight,Unit 01 was traveling NB when it struck Unit 02 as it was legally parked on a public roadway. Unit 01 left the scene of the accident before making contact with Unit 02. Witness was able to obtain Unit 01's information. Unit 01 admitted to striking the vehicle but had to move out of the way of another vehicle headed the opposite direction. Witness advised there was no other traffic when Unit 01 struck Unit 02. Unit 01 wrote a statement of the event; as well as the witness.,9/12/2020 17:24,9/12/2020 17:28,9/12/2020 17:32,Dry,0,0,False,False,False,False
199,Serious Injury Suspected,1,1,9/12/2020 21:00,40.061597,-82.40856600000001,State Route,16,,,,Not Collision Between Two Vehicles in Transport,Clear,Dark - Lighted Roadway,Witnesses stated Unit#1 was traveling East on St. Rt. 16 E/B.  Witnesses stated Unit#1 lost control and struck the concrete median in the area of the N 4th St. Off Ramp.  Witnesses stated Unit#1 struck the wall approximately three times before the passenger on the rear of Unit#1 fell off.  Witnesses stated Unit#1 then continued to ride off without stopping for the injured passenger.  Medics arrived and transported the passenger. ,9/12/2020 21:00,9/12/2020 21:01,9/12/2020 21:02,Dry,0,0,False,False,True,False
201,Property Damage Only,2,1,9/14/2020 10:30,40.05225,-82.43058,,,North,21st,Street,Not Collision Between Two Vehicles in Transport,Clear,Daylight,Dispatched on single unit non-injury accident. Upon arrival; unit had been moved into nearby parking lot. Obtained OH-3 from driver of unit. Driver advised that he had been traveling s-b on N. 21st Street; approaching intersection of Deo/Goosepond; when a small red car ran the east/west red light and entered intersection. Small red car is designated Unit #1. Driver of s-b unit; is designated Unit #2; a white truck. Unit #2 driver advised that he swerved off roadway to avoid entering intersection/striking Unit #1. Unit #2 driver was able to negotiate unit to a stop; avoiding couple utility poles as well as tree. However in doing so; Unit #2 passenger side front fender did strike guy line cable for utility pole; causing damage to the fender/mirror; door; hood; etc....Cable was also broken. Photos taken of Unit #2 as well as scene of accident. Only information available concerning Unit#1 at this time is small red car. No other drivers/witnesses stayed to talk to police. Nothing further at this time. ,9/14/2020 10:30,9/14/2020 10:35,9/14/2020 10:45,Dry,0,0,False,False,False,False
202,Minor Injury Suspected,2,1,9/14/2020 15:18,40.056912,-82.40408199999999,,,South,4th,Street,Not Collision Between Two Vehicles in Transport,Clear,Daylight,Unit #1 was sitting in a parking spot facing N. on S. 4th St. Unit #1 attempted to do a U-turn in the road and did not see Unit#2 . Unit #1 did not strike Unit #2 but caused Unit #2 to fall over.,9/14/2020 15:18,9/14/2020 15:18,9/14/2020 15:19,Dry,0,0,False,False,False,False
203,Injury Possible,2,1,9/14/2020 14:15,40.065688,-82.42931899999999,,,North,21st,Street,Rear-end,Clear,Daylight,On the above date and time; Unit #1 and Unit #2 were travelling SB on N. 21st St. when traffic was stopped. Unit #2 stopped for the light when Unit #1 was changing their radio station. This caused Unit #1 to rear end Unit #2. ,9/14/2020 14:15,9/14/2020 14:15,9/14/2020 14:16,Dry,0,0,False,False,False,False
205,Property Damage Only,2,1,9/8/2020 6:30,40.058040000000005,-82.38842,,,South,30,Street,Backing,Cloudy,Dark - Lighted Roadway,Driver of Unit #2 advised the unknown driver of Unit #1 backed into her vehicle while units were attempting to exit the parking lot.,9/8/2020 6:30,9/8/2020 7:00,9/8/2020 7:00,Wet,0,0,False,False,False,False
206,Property Damage Only,1,1,9/16/2020 0:03,40.053028999999995,-82.425372,,,North,WILLIAMS,Street,Not Collision Between Two Vehicles in Transport,Clear,Dark - Lighted Roadway,UNIT 1 WAS HEADED NORTHBOUND ON N WILLIAMS ST; WHEN HE LOST CONTROL OF HIS VEHICLE AND CRASHED INTO A UTILITY POLE. UNIT 1 THEN FLED FROM THE SCENE ON FOOT. OFFICERS GAVE CHASE AND LOCATED UNIT 1 A BLOCK OVER (TO THE EAST). UNIT 1 WAS ISSUED A CITATION AND HIS VEHICLE WAS IMPOUNDED. AEP WAS CALLED TO THE SCENE TO REPLACE TWO POLES; FIX THE EXPOSED WIRES AND REPLACE THE DESTROYED UTILITY BOX.,9/16/2020 0:04,9/16/2020 0:04,9/16/2020 0:06,Dry,0,0,False,False,True,False
207,Property Damage Only,2,2,9/16/2020 18:35,40.097988,-82.424684,,,North,21ST,Street,Rear-end,Clear,Daylight,Unit 1 had been stopped behind another vehicle at a red traffic signal; and the light had reportedly just turned green; but Unit 1 had not yet started to move at the time of impact. Unit 2 had been traveling to the northeast in the same lane that Unit 1 was still stopped in; and failed to appropriately brake in a safe manner to avoid contact; striking the rear of Unit 1.,9/16/2020 18:42,9/16/2020 18:43,9/16/2020 18:56,Dry,0,0,False,False,False,False
208,Property Damage Only,3,99,9/16/2020 20:03,40.049324,-82.40588100000001,,,South,6th,Street,Rear-end,Clear,Dark - Lighted Roadway,Unit 1 was traveling southbound on S. 6th St. Unit 2 was stuck on the westside of S 6th St. facinging southbound. Unit 3 was parked facing southbound on S. 6th St. south of Unit 2. As Unit 1 drove south of S. 6th St. they were unable to see the unlit trailer in the roadway. Unit 1 struck Unit 2 which moved Unit 2 into Unit 3 parked off of the roadway. Due to the unknown location of Unit 2 before it was struck; officers were unable to determine who was the at fault Unit. ,9/16/2020 20:03,9/16/2020 20:04,9/16/2020 20:09,Dry,0,0,False,False,True,False
209,Property Damage Only,3,3,9/15/2020 16:45,40.070519,-82.411129,State Route,13,,,,Rear-end,Clear,Daylight,Unit 1 slowed to a stop in heavy traffic.Unit 2 reacted in enough time to safely stop behind Unit 1. Unit 3 failed to adequately brake in a safe distance and time; and did strike the rear of Unit 2; forcing it into the rear of Unit 1.,9/15/2020 16:51,9/15/2020 17:12,9/15/2020 17:14,Dry,0,0,False,False,False,False
210,Property Damage Only,2,1,9/17/2020 20:33,40.086171,-82.427591,,,North,21st,Street,Sideswipe; same direction,Clear,Dark - Lighted Roadway,On the listed date and time; I was dispatched to the listed location in reference to a non-injury accident. Upon arrival; I spoke witht he drivers of both units. Both drivers agreed that the driver of unit #1 was at fault. Both units were traveling northbound on N. 21st St. Unit #1 attempted to murge left into the turn lane and did not see unit #2 beside him. As a result; unit #1 struck unit #2 in the right rear passenger door. There was minor damage to both vehicles. The driver of unit #1 was issued a citation. Respectfully submitted; Officer Brandon M. Shepherd #3267,9/17/2020 20:33,9/17/2020 20:41,9/17/2020 20:41,Dry,0,0,False,False,False,False
211,Minor Injury Suspected,2,1,9/17/2020 16:51,40.041661,-82.456734,,,South,Westmoor,Avenue,Angle,Clear,Daylight,Unit 1 was traveling east on the driveway at 131 S. Westmoor Ave. Unit 2 was traveling south on S. Westmoor. As Unit 1 turned to head north on S. Westmoor Ave.; the driver failed to see Unit 2 traveling south on S. Westmoor Ave. Unit 1 was struck by Unit 2 as the vehicle entered the roadway. Both drivers of the Units 1 and 2 were transported to LMH by EMS. Driver 1 was cited for being the at fault driver.,9/17/2020 16:51,9/17/2020 16:51,9/17/2020 16:56,Dry,0,0,False,False,False,False
212,Minor Injury Suspected,2,1,9/18/2020 7:08,40.06015,-82.38174000000001,,,,Oakwood,Avenue,Not Collision Between Two Vehicles in Transport,Clear,Dawn/Dusk,Unit One attempted to turn left into Alley beside 38 Oakwood Avenue.  Unit One failed to negotiate turn and hit utility pole; OPC507C3203; snapping it into two pieces.  Pole then fell and struck Unit Two which was parked in the front yard of 38 Oakwood Avenue.,9/18/2020 7:08,9/18/2020 7:10,9/18/2020 7:12,Dry,0,0,False,False,False,True
213,Injury Possible,2,1,9/18/2020 16:37,40.056006,-82.409267,,,West,Main,Street,Rear-end,Clear,Daylight,Unit 01 struck Unit 02 in the rear as it was waiting for traffic to pass in order to turn left. Unit 01 advised she was not used to driving in tennis shoes and her foot slipped off of the brake. Both Units suffered minor damage. One of Unit 02's passengers was transported to the hospital with possible injuries.,9/18/2020 16:37,9/18/2020 16:39,9/18/2020 16:40,Dry,0,0,False,False,False,True
214,Property Damage Only,2,1,9/19/2020 12:05,40.085459,-82.41754300000001,,,,MOUNT VERNON,Road,Sideswipe; same direction,Clear,Daylight,Unit 2 was traveling southbound on Mount Vernon Rd when Unit 1 was pulling out of the Colonial Center failed to yield to on coming traffic striking Unit 2. Unit 1 failed to stop and continued traveling southbound on Mount Vernon Rd where he resides. Unit 2  then followed Unit 1 and once Unit 1 was parked in his driveway asked if he knew he struck Unit. Unit 1 advised he was unaware that he struck Unit 2 vehicle. Unit 2 then called 911 and requested for Newark EMS to check Unit 1. Newark EMS checked Unit 1 and there were no injuries. Both Units have functional damage. Unit 1 was cited for failure to yield while turning left. Due to Unit 1 not being aware he struck another vehicle while pulling out of a parking lot I am requesting for Unit 1 to get reexamination.,9/19/2020 12:05,9/19/2020 12:06,9/19/2020 12:15,Dry,0,0,False,False,False,False
215,Property Damage Only,2,1,9/20/2020 1:30,40.052132,-82.427015,,,West,WEST MAIN,Street,Not Collision Between Two Vehicles in Transport,Clear,Dark - Lighted Roadway,Driver of Unit 1 was traveling eastbound on W. Main St. in Newark; Ohio when it veered off to the right of the road and struck Unit 2 while Unit 2 was parked in front of 639 W. Main St. Newark; Ohio 43055. The driver of Unit 1 left the scene and the vehicle was located in front of 45 Bowers Ave. Newark; Ohio 43055.,9/20/2020 4:25,9/20/2020 4:31,9/20/2020 4:46,Dry,0,0,False,False,False,False
216,Property Damage Only,2,2,9/20/2020 13:09,40.048708000000005,-82.44138000000001,,,West,Main,Street,Not Collision Between Two Vehicles in Transport,Clear,Daylight,Unit 1 was heading eastbound on West Main St. and had the green light at the intersection for 30th and W Main St. Unit 2 was northbound on 30th St turning eastbound onto W Main St. Unit 2 was turning right on a red light. The driver of Unit 2 stated that she did not see the motorcycle and turned in front of him. The driver of Unit 1 swerved to miss Unit 2 and slid in loose gravel on the roadway causing him to drop the motorcycle on its side causing damage to the left side of the motorcycle. Driver of Unit 1 was checked by the medics and did not require any transport. ,9/20/2020 13:09,9/20/2020 13:09,9/20/2020 13:18,Dry,0,0,False,False,False,False
218,Property Damage Only,2,1,9/21/2020 0:55,40.04891,-82.46495,,,,Lakeview,Drive,Rear-end,Clear,Dark - Lighted Roadway,Unit #2 was parked and unoccupied on Lakeview Drive. Unit #1 hit Unit #2. Unit #1 left the scene of the accident. ,9/21/2020 0:55,9/21/2020 1:30,9/21/2020 1:35,Dry,0,0,False,False,True,False
220,Property Damage Only,2,1,9/21/2020 15:00,40.07278,-82.4109,,,,Kibler,Avenue,Sideswipe; same direction,Clear,Daylight,Unit 2 parked in front of 560 Kibler Ave. no occupants; facing North bound. Unit 1 traveling N-B on Kibl;er approaching Unit 2. Unit 1 was attempting to park north of Unit 2; along east side of street. As Unit 1 travelled past UNit 2; lower passenger side of Unit 1 made contact with driver front bumper corner and scrapped down side of Unit 1; causing driver side of front bumper to disllodge and fall to street. Driver of Unit 1 admitted that she struck Unit 2 as she was trying to park. Photos taken of both units at scene; ,9/21/2020 15:00,9/21/2020 15:52,9/21/2020 16:00,Dry,0,0,False,False,False,False
221,Property Damage Only,1,1,9/21/2020 17:00,40.043973,-82.407854,,,,FRANKLIN,Alley,Not Collision Between Two Vehicles in Transport,Clear,Daylight,Unit 1 was traveling northbound on Franklin Ave and was making a eastbound turn onto Prospect St. The semi trailer then struck a utility pole causing damage to it. ,9/21/2020 17:02,9/21/2020 17:05,9/21/2020 17:15,Dry,0,0,False,False,False,False
222,Property Damage Only,2,1,9/21/2020 12:50,40.073259,-82.429073,,,North,21,Street,Rear-end,Cloudy,Daylight,Unit #2 was n/b on N 21st St at the intersection of N 21st St @ Meadowbrook Dr; stopped in traffic when Unit #1 failed to stop and rear ended Unit #2.  Unit #1 driver then exited his vehicle and sreamed at the driver of Unit #2.  Unit #1 driver then got back in his vehicle and did a U-turn and went s/b on N 21st St and tried to hide his vehicle behind 843 N 21st St Ste 110.  Unit #2 driver watched the driver of Unit #1 take off from the scene of the crash.  An independent witness also was present to witness the incident.  Unit #1 was at fault; ACDA.  The Unit #1 vehicle was impounded from the scene.   ,9/21/2020 12:50,9/21/2020 13:18,9/21/2020 13:25,Dry,0,0,False,False,False,False
223,Property Damage Only,2,2,9/22/2020 17:20,40.060173,-82.399693,,,North,1st,Street,Angle,Clear,Daylight,On listed date and time Unit 1 was parked in a marked zone on N 1st Street; just north of East Church Street. Unit 2 ran a red light going North on N 1st Street and East Church Street; loosing control of the vehicle and hitting Unit 1. Unit 2 left the scene.,9/22/2020 17:20,9/22/2020 17:24,9/22/2020 17:29,Dry,0,0,False,False,True,True
224,Property Damage Only,2,1,9/22/2020 8:38,40.085255,-82.41828000000001,,,,Mt Vernon,Road,Rear-end,Cloudy,Daylight,Unit #2 was s/b on Mt Vernon Rd IFO 1073 Mt Vernon Rd when Unit #1 rear ended Unit #2 and caused a crash.  Unit #1 admitted fault.  Unit #1 is at fault.,9/22/2020 8:38,9/22/2020 8:40,9/22/2020 8:47,Dry,0,0,False,False,False,False
225,Minor Injury Suspected,2,1,9/22/2020 16:29,40.086110999999995,-82.42749,,,North,21st,Street,Head-on,Clear,Daylight,Unit 1 struck unit 2 when unit 1 turned into the parking lot at Wendy's on 21st. St. Unit 2 was traveling southbound when unit 1 failed to yield and was struck head on. Unit 1 was issued a citation and unit 2 was transported to LMH from injuries caused by the crash. ,9/22/2020 16:29,9/22/2020 16:30,9/22/2020 16:35,Dry,0,0,False,False,False,False
226,Property Damage Only,2,1,9/23/2020 15:15,40.051535,-82.403501,,,South,5th,Street,Not Collision Between Two Vehicles in Transport,Clear,Daylight,On the above date and time; Unit #2 stated their vehicle was involved in a hit and run. She stated she came out and her vehicle was side swiped. There is no footage of the incident and no witnesses.,9/23/2020 15:15,9/23/2020 15:15,9/23/2020 15:20,Dry,0,0,False,False,False,False
227,Property Damage Only,2,1,9/23/2020 14:03,40.0573,-82.404,,,East,W Main,Street,Rear-end,Clear,Daylight,On 09/23/2020 Unit 1 was traveling northbound on 4th St and turned right onto W Main St. He then struck Unit 2 in the rear as Unit 2 was attempting to park his vehicle. No injuries were present and only minor damage occured. ,9/23/2020 16:00,9/23/2020 16:03,9/23/2020 16:07,Dry,0,0,False,False,False,False
228,Property Damage Only,2,1,9/24/2020 21:27,40.07756,-82.41543,State Route,13,,,,Angle,Clear,Dark - Lighted Roadway,Unit 1 (hit skip) was traveling northbound on SR 13 (Mt Vernon Rd) at W Channel St.  Unit 2 was making a left turn onto SR 13 (Mt Vernon Rd) from W Channel St.  Unit 2 advised she had a green light when approaching the intersection when Unit 1 ran the red light causing a accident.  Unit 1 then fled the scene of accident without reporting accident.  Unit 1 is found at fault for the accident.  Unknown at this time who was operating Unit 1.  Unit 2 believed she got a license palate for Unit 1 but it did not match up with the description she gave and also was not from the area. ,9/24/2020 21:27,9/24/2020 21:45,9/24/2020 22:06,Dry,0,0,False,False,False,False
229,Property Damage Only,2,1,9/25/2020 15:00,40.09858,-82.44747199999999,,,,Price,Road,Other/Unknown,Clear,Daylight,On the listed date and time; I was dispatched to the Newark Police Station to speak with the complaintant Kelli Hopkins; who stated she was parked in the front parking lot of 675 Price Rd. Kelli advised she works at this location and estimated her vehicle was struck by another vehicle in the parking lot at approximately 1500 hours. Kelli believes the other vehicle that struck her left the scene. Kelli stated she noticed the damage on her driver's side door as she was leaving work at 1630. Kelli called to report the damage and met with me at the Newark Police Station. At this time; the hit skip vehicle is unknown. Respectfully submitted; Officer Brandon M. Shepherd #3267,9/25/2020 15:00,9/25/2020 17:00,9/25/2020 17:30,Dry,0,0,False,False,False,False
230,Property Damage Only,3,1,9/26/2020 11:56,40.063777,-82.450959,,,,COUNTRY CLUB,Drive,Rear-end,Cloudy,Daylight,09/26/2020; 1156 hours; Unit#02 and Unit#03 were traveling south on Country Club Drive and stopped at the Londondale Pkwy intersection at a red traffic signal.  Unit#01 was traveling behind Unit#02; in the same lane; and struck Unit#02 in the rear.  The force of impact sent Unit#02 into the rear of Unit#03.  Unit#01 failed to maintain an assured clear distance ahead.,9/26/2020 11:56,9/26/2020 11:58,9/26/2020 12:13,Dry,0,0,False,False,False,False
231,Minor Injury Suspected,2,1,9/25/2020 23:03,40.065625,-82.444486,,,,Granville,Road,Rear-end,Clear,Dark - Lighted Roadway,Unit Two was traveling W/B on Granville Road.  Unit One was also traveling W/B on Granville Road.  Unit Two stated she was traveling at 45 MPH.  Unit One struck the rear of Unit Two; spinning her out.  Unit One then continued for about fifty yards before driving off right side of road and coming to rest in ditch.  Unit One was found to be impaired.,9/25/2020 23:03,9/25/2020 23:03,9/25/2020 23:06,Dry,0,0,False,True,True,False
232,Property Damage Only,2,2,9/26/2020 6:45,40.077562,-82.415435,,,,Mt Vernon ,Road,Angle,Clear,Dark - Lighted Roadway,Reportee states that he was turning right from W Channel St north onto Mt Vernon Rd when Unit 2 ran a red light and struck him in the left front of his vehicle.  Unit 2 proceeded north on Mt Vernon Rd and then turned east on Riverside Dr. not stopping to report the crash.,9/26/2020 6:48,9/26/2020 6:49,9/26/2020 7:06,Dry,0,0,False,False,False,False
234,Property Damage Only,2,1,9/28/2020 17:16,40.059398,-82.386645,,,East,MAIN,Street,Rear-end,Rain,Daylight,UNIT 2 WAS STOPPED IN TRAFFIC ON E MAIN ST AT CEDAR ST. UNIT 1 WAS BEHIND UNIT 2 AND STATED THE LIGHT TURNED GREEN. UNIT 1 STARTED TO MOVE FORWARD BUT UNIT 1 HAD NOT; THIS CAUSED UNIT 2 TO COLLIDE WITH THE REAR END OF UNIT 1. UNIT 1 ADVISED UNIT 2 THAT THERE WAS LITTLE DAMAGE AND THEN LEFT THE SCENE. UNIT 2 WAS ABLE TO PROVIDE A LICENSE PLATE AND VEHICLE/DRIVER DESCRIPTION. OFFICERS MADE CONTACT WITH UNIT 1 AND HE WAS CITED FOR ACDA. UNIT 1 SUSTAINED MINOR DAMAGE TO THE LICENSE PLATE. UNIT 2 SUSTAINED MINOR DAMAGE TO THE REAR OF THE VEHICLE. PHOTOS WERE TAKEN. NO INJURIES WERE REPORTED. ,9/28/2020 17:16,9/28/2020 17:58,9/28/2020 17:58,Wet,0,0,False,False,False,False
235,Minor Injury Suspected,2,1,9/19/2020 12:33,40.048906,-82.44161899999999,,,West,Main,Street,Angle,Cloudy,Daylight,09/19/2020; 1233 hours; Unit#02 was traveling west on West Main Street and started a left turn to travel south on South 30th Street while the signal was changing to red for westbound traffic. Unit#01 was traveling east on West Main Street and entered the 30th Street intersection on a yellow traffic signal. Units collied in the intersection.  Unit#01 failed to obey a traffic control device; entering the intersection on a yellow signal.  Unit#02 failed to yield right of way while turning left. ,9/19/2020 13:33,9/19/2020 12:34,9/19/2020 12:40,Dry,0,0,False,False,False,False
236,Property Damage Only,2,1,9/25/2020 13:59,40.057065,-82.405026,,,West,MAIN,Street,Angle,Cloudy,Daylight,09/29/2020; 1359 hours; Unit#01 was traveling west on W Main St and started to change lanes from the right to the left lane (in order to park in center street parking) and stopped.  Unit#02 was traveling west on West Main Street; in the left westbound lane and struck Unit#01.  Unit#01 failed to yield right of way to Unit#02.,9/25/2020 13:59,9/25/2020 14:03,9/25/2020 14:08,Dry,0,0,False,False,False,False
237,Property Damage Only,2,1,9/24/2020 8:29,40.058095,-82.446586,,,West,Church,Street,Angle,Cloudy,Daylight,09/24/2020; 0829 hours; Unit#02 was traveling eastbound in the center multi-turn lane near 1175 West Church Street. Unit#01 was traveling eastbound on West Church Street and started to enter the center turn lane and struck Unit#02.  Unit#01 failed to yield right of way/unsafe lane change to Unit#02.,9/24/2020 8:29,9/24/2020 8:34,9/24/2020 8:49,Dry,0,0,False,False,False,False
238,Property Damage Only,2,1,9/29/2020 12:08,40.08404,-82.42671,,,North,21st,Street,Angle,Cloudy,Daylight,Unit #2 was w/b on Log Pond Dr turning s/b onto N 21st St when Unit #1 failed to stop for his red traffic signal and struck Unit #2 in the drivers side of her vehicle. Unit #1 admitted fault.  Unit #1 is at fault.,9/29/2020 12:08,9/29/2020 12:08,9/29/2020 12:13,Dry,0,0,False,False,False,True
239,Property Damage Only,3,99,9/29/2020 16:20,40.069862,-82.410657,State Route,13,,,,Rear-end,Clear,Daylight,On listed date and time all units were traveling south bound on STR 13 approaching Moull Street. During this time a school bus  pulled out onto STR 13 from Moull Street traveling south bound. During this time it made all units to come to a fast/safe and immediate hult causing unit 2 to stike unit 1 and unit 3 to strike unit 2. At this time I believe the units involved to be at fault due to unknow vehicle pulling out in front of unit 1.,9/29/2020 16:20,9/29/2020 16:23,9/29/2020 16:39,Dry,0,0,False,False,False,True
240,Minor Injury Suspected,2,2,9/30/2020 18:51,40.05357,-82.418481,,,West,Main,Street,Rear-end,Cloudy,Dawn/Dusk,Unit 1 was heading westbound on West Main St and stopped at a red light in the southbound turn lane onto Union St. Unit 2 was heading westbound on West Main St as well. Unit 2 drove into the rear of Unit 1 causing an accident and occupants to be transported to the hospital. When asked what happened the driver of Unit 2 stated that she was chasing down a vehicle that was speeding and she then hit the back of Unit 1. Driver of Unit 2 claimed to be a volunteer deputy and she was going to arrest the driver of the speeding vehicle. Driver of Unit 2 admitted to running red lights and crossing over marked lanes to accomplish the task of finding the speeding vehicle. Driver of Unit 2 was issued citations for ACDA/ Marked Lanes/ and reckless operation. Both vehicles were towed from the scene. Driver of Unit 2 was also submitted for a Driver License Exam. ,9/30/2020 18:51,9/30/2020 18:55,9/30/2020 19:10,Dry,0,0,False,False,True,False
241,Property Damage Only,2,1,9/29/2020 9:20,40.056297,-82.405704,,,South,5th,Street,Sideswipe; same direction,Clear,Daylight,On 09/29/2020 Unit 02 was parked on S. 5th St. on the east side of 101 W. Main St. Unit 02 was unoccupied when Unit 01 attempted to make an east bound turn into an Alley way to make a delivery. Unit 01's trailer side swiped Unit 02 on the driver side of the vehicle. No injuries occurred and unit 01 suffered no damages while Unit 02 suffered minor damage to the door panel and side view mirror. ,9/29/2020 9:20,9/29/2020 9:20,9/29/2020 9:25,Dry,0,0,False,False,False,False
242,Injury Possible,2,1,9/30/2020 10:38,40.06692,-82.40703,,,,Hudson,Avenue,Sideswipe; same direction,Cloudy,Daylight,Unti #2 was s/b IFO 315 Hudson Ave when Unit #1; who was parked IFO 315 Hudson Ave failed to yield when entering the roadway and pulled out into the s/b lane of traffic and was struck by Unit #2.  Unit #1 admitted fault.  Unit #1 is at fault. ,9/30/2020 10:38,9/30/2020 10:38,9/30/2020 10:43,Dry,0,0,False,False,False,False
243,Property Damage Only,2,1,9/30/2020 11:49,40.058199,-82.446089,,,West,Church ,Street,Angle,Cloudy,Daylight,09/30/20; 1149 hours; Unit#01 was leaving a private lot; located at 1175 West Church Street;  to travel east on West Church Street.  Unit#02 was traveling east on West Church Street.  Unit#01 struck Unit#02.  Unit#01 failed to yield right of way; from private property;  to Unit#02.,9/30/2020 11:49,9/30/2020 11:50,9/30/2020 11:55,Dry,0,0,False,False,False,False