,CrashSeverity,NumberOfUnits,UnitInError,CrashDateTime,Latitude,Longitude,LocationRouteType,LocationRouteNumber,LocationPrefix,LocationRoadName,LocationRoadType,MannerOfCollision,Weather,LightCondition,Narrative,CrashReportedDateTime,DispatchedDateTime,ArrivedDateTime,RoadCondition,TotalInjured,TotalKilled,AnimalRelated,AlcoholRelated,SpeedRelated,TeenRelated
290,Property Damage Only,1,98,10/16/2020 16:45,40.071934000000006,-82.40491899999999,,,,Manning ,Street,Not Collision Between Two Vehicles in Transport,Clear,Daylight,Unit 01 stated she was traveling WB when a loose dog was in the street. Unit 01 stated she struck the dog and stopped after the incident. Unit 01 was unable to retrieve the owner's information at the time. The owner(Alice Peck 448 Park Ave) was contacted via phone and was given Unit 01's information about the incident. The owner was en route to take the canine to a veterinarian for the injuries. Unit 01 reported no injuries and suffered minor damage.,10/16/2020 16:45,10/16/2020 16:56,10/16/2020 17:24,Dry,0,0,True,False,False,False
291,Minor Injury Suspected,3,1,10/17/2020 22:13,40.078851,-82.428191,,,North,21st,Street,Head-on,Clear,Dark - Lighted Roadway,Unit 1 was traveling northbound on N. 21st St. and attempting to turn left (west) into the Kroger parking lot. Unit 2 was traveling southbound on N. 21st St. and proceeding through the intersection. Unit 1 failed to yield and struck Unit 2. Unit 1 spun around and struck Unit 3 as it was braking to avoid the accident.,10/17/2020 22:13,10/17/2020 22:15,10/17/2020 22:18,Dry,0,0,False,False,False,True
292,Minor Injury Suspected,2,2,10/17/2020 23:50,40.05802,-82.43,,,West,Church,Street,Angle,Clear,Dark - Lighted Roadway,Unit 2 was turning east onto W Church St from N 21st St. Unit 1 was stopped in the turn lane on W Church St waiting to turn south onto 21st St. Unit 2 made an improper turn cutting across the turn lane and struck unit 1 in the front.  ,10/17/2020 23:54,10/18/2020 0:09,10/18/2020 0:09,Dry,0,0,False,False,False,False
295,Minor Injury Suspected,2,2,10/19/2020 16:52,40.059581,-82.417889,State Route,16E,,,,Sideswipe; same direction,Cloudy,Daylight,On listed date and time Unit 1 and Unit 2 were traveling east on SR 16 EB. Unit 1 was in the right lane. Unit 2 was approaching Unit1 in the rear in the right lane. Unit 2 was driving fast and recklessly and went around Unit 1 and then attempted to cut over in front of Unit 1. Unit 2 then struck the front left side of Unit 1 causing  Unit 1 to hit the center divide and spin out of control. ,10/19/2020 16:52,10/19/2020 16:55,10/19/2020 16:58,Wet,0,0,False,True,True,False
296,Property Damage Only,2,1,10/19/2020 15:41,40.051725,-82.428759,,,West,MAIN,Street,Rear-end,Rain,Daylight,UNIT 1 AND UNIT 2 WERE BOTH TRAVELING EAST BOUND ON W. MAIN ST PASSING LINDEN AVE. UNIT 2 SLOWED TO STOP WITH TRAFFIC. UNIT 1 ATTEMPTED TO STOP AND SLID IN THE RAIN; CAUSING HIM TO BUMP INTO THE REAR END OF UNIT 2. THERE DID NOT APPEAR TO BE ANY VISIBLE DAMAGE TO EITHER VEHICLE ON THE SURFACE; OTHER THAN A COUPLE OF SMUDGE MARKS.  BECAUSE UNIT 1 ADMITTED TO BUMPING INTO UNIT 2; HE WAS CITED FOR ACDA.,10/19/2020 15:41,10/19/2020 16:25,10/19/2020 16:43,Wet,0,0,False,False,False,True
297,Property Damage Only,2,1,10/19/2020 13:01,40.05729,-82.403995,,,West,Church,Street,Rear-end,Rain,Daylight,On 10/19/2020 Unit 02 was traveling west bound on Church St. when Unit 02 came to a stop at the traffic signal near S. 4th St. Unit 01 failed to stop with assured clear distance ahead and made contact with the rear of Unit 02. Units involved sustained no injuries and functional damage. Unit 01 was issued a citation for ACDA and being under failure to reinstate suspenstion. Unit 01 was impounded at the scene and did not show proof of vehicle insurance.,10/19/2020 13:01,10/19/2020 13:02,10/19/2020 13:06,Wet,0,0,False,False,False,False
299,Property Damage Only,2,1,10/20/2020 17:40,40.05925,-82.38811,,,East,Main,Street,Rear-end,Rain,Dawn/Dusk,On the above date and time I was dispatched to Cedar St. and E. Main on a non injury crash. When I arrived I spoke to Unit 1 who advised me that he couldn't get stopped and struck unit 2 from the rear. Unit 1 was issued a citation for DUS and ACDA. A valid licenses driver arrived and retrieved the vehicle. ,10/20/2020 17:40,10/20/2020 17:40,10/20/2020 17:41,Wet,0,0,False,False,False,False
300,Property Damage Only,2,1,10/21/2020 12:22,40.047008,-82.449736,,,West,MAIN,Street,Sideswipe; same direction,Cloudy,Daylight,10/22/2020; 1222 hours; Unit#01 was traveling east on West Main Street in the left lane and encountered stopped traffic near the S. 35th Street intersection.  Unit#02 was traveling east on W. Main Street in the right lane.  Unit#01 changed lanes from left to right suddenly and struck Unit#02.  Unit#01 made an unsafe lane change/rules for marked lanes.,10/21/2020 12:22,10/21/2020 12:23,10/21/2020 12:26,Dry,0,0,False,False,False,False
301,Serious Injury Suspected,2,1,10/20/2020 14:44,40.043372999999995,-82.464343,,,West,Main,Street,Angle,Rain,Daylight,Unit #1 was turning around in the parking lot of 1717 W Main St; then was exiting the parking lot and failed to yield to oncoming traffic when entereing the roadway from a private drive and was struck by Unit #2 in the front end of her vehicle; then spun around into the e/b lanes of W Main St with her vehicle headed w/b.  There were two independant witnesses to the incident.  Unit #1 is at fault.,10/20/2020 14:44,10/20/2020 14:46,10/20/2020 14:49,Wet,0,0,False,False,False,False
302,Property Damage Only,1,1,10/17/2020 17:40,40.05636,-82.41678,,,,WESTERN,Avenue,Not Collision Between Two Vehicles in Transport,Clear,Daylight,UNIT #1 WAS TRAVELING WESTBOUND ON WESTERN AVE. ACCORDING TO A WITNES. UNIT #1 THEN WENT OFF THE ROADWAY AND STRUCK A UTILITY POLE; SNAPPING THE POLE. UNIT #1 THEN LEFT THE SCENE OF THE ACCIDENT. UNIT #1 IS AT FAULT FOR HIT-SKIP.,10/17/2020 17:40,10/17/2020 17:41,10/17/2020 17:45,Dry,0,0,False,False,False,False
303,Property Damage Only,2,2,10/23/2020 20:50,40.065642,-82.429236,,,North,21,Street,Sideswipe; same direction,Rain,Dark - Lighted Roadway,UNIT ONE WAS TRAVELING THE NORTHBOUND LANE AND WAS MAKING A LEFT-HAND TURN. ACCORDING TO UNIT ONE; UNIT TWO SIDESWIPPED HER VEHICLE. SHE PULLED OVER; BUT UNIT TWO FLED THE SCENE. ,10/23/2020 20:50,10/24/2020 0:06,10/24/2020 0:12,Wet,0,0,False,False,False,False
304,Property Damage Only,3,1,10/23/2020 19:41,40.051854999999996,-82.430709,,,North,21st,Street,Rear-end,Cloudy,Dark - Lighted Roadway,On the listed date and time; I was dispatched to the listed location in reference to a non-injury accident. Upon arrival; I spoke with the driver of unit #1 who was found at fault for the accident. Unit #1 was traveling southbound on N. 21st St. following unit #2. Unit #1 rear-ended unit #2; causing unit #2 to strike unit #3. There was very minor damage to unit #3. However; unit #2 had disabling rear end damage. Unit #1 had minor front end damage. The driver of unit #1 stated he had two alcoholic beverages before leaving his friends residence which he was coming from. The driver of unit #1 was arrested for OVI and issued a citation. Respectfully submitted; Officer Brandon M. Shepherd #3267,10/23/2020 19:41,10/23/2020 19:43,10/23/2020 19:49,Wet,0,0,False,True,False,False
305,Property Damage Only,2,1,10/23/2020 17:32,40.074740000000006,-82.44715,,,,KING,Road,Angle,Cloudy,Daylight,Unit 1 was making a left turn (eastbound) onto Sharon valley Rd from King Rd.  Unit 2 was traveling westbound on Sharon Valley at King Rd.  Unit 1 turned into the path on Unit 2 causing a accident.  Unit 1 is found at fault for the accident for failure to yield while turning left.  Unit 1 was issued a citation for the accident.,10/23/2020 17:32,10/23/2020 17:33,10/23/2020 17:39,Wet,0,0,False,False,False,False
306,Property Damage Only,2,1,10/23/2020 16:36,40.086551,-82.42866500000001,,,,Goosepond,Drive,Angle,Rain,Daylight,On the listed date and time; I was dispatched to the location of 1315 N. 21st St. Wal-Mart parking lot; in reference to a non-injury accident. Upon arrival I spoke with both parties who remained on scene. The driver of unit #1 stated she was traveling southbound across Goospond Dr. while attempting to enter the Wal-Mart enterence. While traveling across the eastbound lanes; unit #1 was struck by unit #2. Unit #2 had disabling damage to the front end. Unit #1 had multiple air bag deployments on the passenger side along with disabling front passenger side damage. The driver of unit #1 was issued a citation. Both parties contacted their own tow companies for their vehicles. Respectfully submitted; Officer Brandon M. Shepherd #3267 ,10/23/2020 16:36,10/23/2020 17:20,10/23/2020 17:20,Wet,0,0,False,False,False,False
307,Property Damage Only,2,2,10/23/2020 12:33,40.051719,-82.401038,,,,GILBERT,Street,Not Collision Between Two Vehicles in Transport,Clear,Daylight,Unit 2 was travelling westbound on Gilbert St. when it attempted to turn northbound into an alley and struck Unit 1. Unit 1 was parked. Unit 2 struck Unit 1 with the left back end of the vehicle making contact with the passenger side of Unit 1. No injuries were reported at the time of the incident. ,10/23/2020 12:37,10/23/2020 12:39,10/23/2020 12:47,Dry,0,0,False,False,False,False
308,Minor Injury Suspected,2,1,10/24/2020 19:33,40.065292,-82.408107,State Route,13S,,,,Not Collision Between Two Vehicles in Transport,Cloudy,Dark - Lighted Roadway,10/24/2020; 1933 hours; Unit#02 was traveling south on State Rt 13 South/Mt Vernon Rd and Unit#01(pedestrain) was walking east on the sidewalk.  Unit#01 started to cross the roadway at 271 Mt Vernon Rd; stepping suddenly into traffic; at night; not at a marked crossing.  Unit#02 struck Unit#01.  Unit#01 failed to yield right of way to Unit#02.,10/24/2020 19:33,10/24/2020 19:33,10/24/2020 19:35,Dry,0,0,False,True,False,False
309,Property Damage Only,2,1,10/24/2020 6:59,40.05934,-82.39135999999999,,,East,Main,Street,Not Collision Between Two Vehicles in Transport,Cloudy,Dawn/Dusk,Unit Two was parked on street in front of his residence.  Unit One was traveling  E/B and strucked the side of Unit Two.  Unit one did not stop and left the area.,10/24/2020 6:59,10/24/2020 7:00,10/24/2020 7:15,Dry,0,0,False,False,False,False
310,Property Damage Only,1,1,10/24/2020 22:52,40.06035,-82.3704,,,East,MAIN,Street,Not Collision Between Two Vehicles in Transport,Clear,Dark - Lighted Roadway,Unit#1 was traveling South on Obannon Ave and made a left turn onto E Main St. Unit#1 lost control and drove off the right side of the road into a ditch.  Also refer to citation and statement.,10/24/2020 22:52,10/24/2020 22:54,10/24/2020 22:58,Dry,0,0,False,True,False,False
311,Property Damage Only,2,99,10/26/2020 5:52,40.0621,-82.4066,,,,Mt Vernon ,Road,Angle,Clear,Dark - Lighted Roadway,Unit #2 was operating northbound on Mt. Vernon Rd approaching the intersection of Mt Vernon Rd and the Westbound exit ramp of SR 16.  Unit #1 was operating westbound on the Westbound exit ramp of SR 16 approaching Mt. Vernon Rd.  Both drivers stated that they had a green light.  The vehicle colided within the intersection of Mt. Vernon Rd and the SR 16 west exit ramp.,10/26/2020 5:52,10/26/2020 5:52,10/26/2020 5:52,Dry,0,0,False,False,False,False
312,Property Damage Only,2,1,10/20/2020 18:00,40.07985,-82.4285,,,,Baker,Boulevard,Other/Unknown,Rain,Other/Unknown,Unit #2 was parked in the marked parking space at the NASA Soccer fields at 600 Baker Blvd when an unknown vehicle; Unit #1 struck Unit #2 in the passenger rear side of his vehicle.  Unit #1 is unknown at this time.  Crash date was 10/20/2020 1800 hrs.,10/21/2020 12:02,10/21/2020 12:08,10/21/2020 12:23,Wet,0,0,False,False,False,False
313,Property Damage Only,2,1,10/10/2020 21:30,40.063699,-82.406642,,,,ELMWOOD,Alley,Backing,Clear,Dark - Lighted Roadway,Unit#2 was legally parked in the area of 215 Elmwood Ave.  Unit#1 was delivering food at 217 Elmwod and was backing out of the driveway when Unit#1 struck Unit#2.  Unit#1 got out looked at the damage and left the scene.  Unit#1 was a light colored mini van with a blonde female driver.  Unit#2 stated the driver was from Pizza Hut. It was later determined it was not.  Unit#1 has not been located as of yet.,10/23/2020 18:12,10/23/2020 18:33,10/23/2020 18:36,Wet,0,0,False,False,False,False
315,Property Damage Only,2,1,10/26/2020 13:16,40.0581,-82.4066,,,West,Church ,Street,Angle,Cloudy,Daylight,Unit #1 was traveling westbound on W Church Street at the intersection of N 5th Street. Unit #1 failed to stop for red light at the intersection and struck Unit #2 in the front passenger side. Unit #1 is at fault for the accident; no citation issued; no injuries reported. Unit #2 was northbound on N 5th Street proceeding through green light when unit was struck. ,10/26/2020 13:16,10/26/2020 13:16,10/26/2020 13:17,Dry,0,0,False,False,False,False
316,Property Damage Only,2,1,10/26/2020 15:09,40.060303999999995,-82.382019,,,,Oakwood,Avenue,Angle,Cloudy,Daylight,On 10/26/2020 Unit 02 was traveling south bound on Oakwood Ave. approaching the Tuscarawas Ave. intersection. Unit 01 was stopped at the stop sign facing east bound on Tuscarawas Ave. Unit 01 stated they cleared traffic and attempted to inch out into the intersection to see around vehicles parked on the west side of Oakwood Ave. Unit 01 believed he was clear and entered into the intersection when Unit 01 struck Unit 02. Neither Unit 01 or Unit 02 suffered any injuries and the vehicles sustained minor damage. Both units were able to drive from the scene and provided written statements. Unit 02 advised she does not have vehicle insurance at this time yet is in the process with Naders Ins.,10/26/2020 15:09,10/26/2020 15:10,10/26/2020 15:14,Dry,0,0,False,False,False,False
317,Minor Injury Suspected,2,2,10/26/2020 18:51,40.08314,-82.42741,,,North,21ST,Street,Angle,Cloudy,Dark - Lighted Roadway,Unit 1 was traveling north in the left lane. Unit 2 was traveling south and attempted a left turn into 1280 N 21st Street. Unit 2 struck Unit 1 knocking him off his motor cycle. Unit 2 stopped at the scene and advised the witness he was pulling over. Unit 2 then fled the scene north bound. Unit 2 tag was provided and Unit 2 was located close to the address from the registration. Unit 2 stated that he was not there but when confronted with the evidence admitted he was driving and causing the accident. Unit 2 had a warrant for his arrest. He was arrested and issued traffic citation.,10/26/2020 18:56,10/26/2020 18:57,10/26/2020 19:02,Dry,0,0,False,False,False,False
318,Property Damage Only,1,1,10/26/2020 19:50,40.058842,-82.462294,,,,HOWELL,Drive,Not Collision Between Two Vehicles in Transport,Clear,Dark - Lighted Roadway,UNIT 1 WAS TRAVELING NORTHBOUND ON HOWELL DR JUST PASSED BRYN MAWR DR; WHEN IT FAILED TO NAVIGATE THE CURVE; WENT OFF THE RIGHT SIDE OF THE ROADWAY AND STRUCK A UTLITY POLE (ALLTEL 1151 005). AFTER STRIKING THE POLE; UNIT 1 FLIPPED ONTO ITS SIDE AND CAME TO REST. UPON OFFICERS ARRIVAL; UNIT 1 WAS UNOCCUPIED AND NO DRIVER WAS LOCATED AT THE SCENE. AEP AND ALLTEL WERE CALLED TO THE SCENE; DUE TO THE UTILITY POLE BEING SEVERED AND THE LINES HANGING LOW TO THE GROUND. JAE'S TOWING RESPONDED TO THE SCENE AND FLIPPED THE VEHICLE BACK ONTO THE TIRES AND THEN TOWED IT TO THE NEWARK IMPOUND LOT.,10/26/2020 19:50,10/26/2020 19:50,10/26/2020 19:56,Dry,0,0,False,False,False,False
319,Minor Injury Suspected,2,1,10/28/2020 21:23,40.080076,-82.409348,,,,Cherry,Street,Not Collision Between Two Vehicles in Transport,Clear,Dark - Lighted Roadway,Unit 01 was traveling SB and was stopped at the 4-way stop. Unit 01 proceeded to turn left when it struck Unit 02 who was walking in an unmarked crosswalk. Witness advised Unit 02 did not stop and walked into the intersection as Unit 01 turned. Unit 01 suffered minor damage and reported no injuries. Unit 02 was transported to the hospital for minor injuries. Unit 02 also had the smell of alcoholic beverage coming from his breath.,10/28/2020 21:23,10/28/2020 21:23,10/28/2020 21:27,Dry,0,0,False,True,False,True
320,Minor Injury Suspected,1,1,10/28/2020 14:47,40.04283,-82.46629,,,West,Main,Street,Not Collision Between Two Vehicles in Transport,Cloudy,Daylight,Unit #1 was traveling west bound on West Main Street approaching the intersection of West Main Street and Cherry Valley Road. Roughly 100 yards before the listed intersection Unit #1 drove off the roadway to the right (north direction) and continued in the grass field parralell to West Main Street. Unit #1 continued west bound off the roadway until Unit #1 struck 1800 West Main Street. Unit #1 struck the northwest side of 1800 West Main Street (Newark Fire Station #3). The driver of Unit #1 was transported to Licking Memorial Hospital with minor injuries. Unit #1 struck a gas main located on the northwest corner of the fire station. The roadway was shut down completly for roughly two and a half hours until gas leak was contained and deemed safe. The driver of Unit #1 had a medical emergency; staff at LMH advised a possible heart attack or siezure or possibly a mixture of both. There were no factor's present leading the investigation to believe that drugs or alcohol were a factor of the crash. ,10/28/2020 14:47,10/28/2020 14:47,10/28/2020 14:53,Dry,0,0,False,False,False,False
321,Property Damage Only,1,1,10/29/2020 0:50,40.061302000000005,-82.406225,State Route,13,,,,Not Collision Between Two Vehicles in Transport,Rain,Dark - Lighted Roadway,Driver of unit 1 was traveling North on SR 13.  Driver attempted to turn onto SR 16 East and then changed his mind.  Driver struck the concrete barrier and then rolled unit 1 onto its top.,10/29/2020 0:52,10/29/2020 0:54,10/29/2020 0:54,Wet,0,0,False,True,False,False
322,Property Damage Only,2,1,10/21/2020 17:29,40.05662,-82.40131,,,East,Market,Street,Angle,Rain,Daylight,Unit #2 was backed into a marked parking space in the E Market St Canal Market District area when an unknown vehicle struck the passenger side of his vehicle.,10/21/2020 17:29,10/21/2020 17:32,10/21/2020 17:32,Dry,0,0,False,False,False,False
324,Serious Injury Suspected,2,1,10/29/2020 11:23,40.061585,-82.409485,State Route,79,,,,Sideswipe; same direction,Rain,Daylight,Unit #1 was westbound on SR 16.  Unit #2 was westbound on the on ramp from Mt Vernon Rd.  Unit #1 lost control and struck the median on the south side of the lane.  Unit #1 then bounced over and struck unit #2 forcing unit #2 into a light pole on the north side of the road.  Unit #1 was could not remember what happened.  Unit #1 was taken to the hospital with injuries.,10/29/2020 11:23,10/29/2020 11:23,10/29/2020 11:28,Wet,0,0,False,False,False,False
325,Property Damage Only,2,1,10/29/2020 16:07,40.061510999999996,-82.399188,State Route,16,,,,Rear-end,Rain,Daylight,Unit 1 and Unit 2 were traveling on SR 16 eastbound in the north lane when Unit 1 struck Unit 2 from behind. No injuries were reported at the time of the incident. ,10/29/2020 16:07,10/29/2020 16:11,10/29/2020 16:28,Wet,0,0,False,False,False,True
327,Property Damage Only,2,1,11/2/2020 15:21,40.0732,-82.4426,,,,Sharon Valley ,Road,Sideswipe; opposite direction,Clear,Daylight,Unit #1 was pulling out of Lou and Gib ice arena to proceed west bound on Sharon Valley Road. Unit #2 was travelling east bound on Sharon Valley Road near the Lou and Gib ice arena. Unit #2 stated that Unit #1 proceeded onto Sharon Valley Road and went left of center striking the front drivers side area of Unit #2. unit #1 advised he did not know whether he was left of center or Unit #2 was. A witness stated that both vehicles had been left of center and side swiped each other. Witness stated that he believed that the sun was in Unit #1's eyes causing him not to be able to see. Unit #1 was deemed at fault and issued a citation for left of center. ,11/2/2020 15:21,11/2/2020 15:55,11/2/2020 15:58,Dry,0,0,False,False,False,False
328,Property Damage Only,2,1,10/31/2020 16:09,40.070917,-82.428793,,,North,21st,Street,Rear-end,Clear,Daylight,10/31/2020; 1609 hours; Unit#02 was traveling north on N 21st Street and stopped north of the Moull Street intersection.  Unit#01 was traveling behind Unit#02; in the same lane; and failed to maintain an assured clear distance ahead and struck Unit#02 in the rear.,10/31/2020 16:09,10/31/2020 16:10,10/31/2020 16:23,Dry,0,0,False,False,False,True
329,Property Damage Only,3,1,11/3/2020 15:36,40.072702,-82.428709,,,North,21st,Street,Rear-end,Clear,Daylight,On 11/03/2020 Unit 02 and Unit 03 were slowed to a stop in traffic on N. 21st St. near Jefferson Rd. Unit 01 was traveling north bound on 21st St. when he failed to yield to stopped traffic. Unit 01 struck the rear of Unit 02 causing Unit 02 to strike Unit 03. Unit 01 suffered disabiling damages and was towed from the scene by Porkeys Towing. Unit 02 and 03 were able to be driven from the scene. All Units involved suffered no injuries. ,11/3/2020 15:37,11/3/2020 15:38,11/3/2020 15:43,Dry,0,0,False,False,False,False
330,Injury Possible,2,1,11/3/2020 15:14,40.049906,-82.40270799999999,,,South,5th,Street,Sideswipe; same direction,Clear,Daylight,Unit 1 was driving northbound on S 5th St and lost control stricking Unit 2 which was parked on the side of the street.  Unit 1 stated that she didn't know what happened.  ,11/3/2020 15:14,11/3/2020 15:14,11/3/2020 15:18,Dry,0,0,False,False,False,False
331,Property Damage Only,2,1,11/2/2020 9:00,40.05765,-82.415635,,,North,10th ,Street,Backing,Clear,Daylight,On 11/03/2020 I was dispatched to 76 Flory Ave to take a non-injury crash report from 11/02/2020. I met with a Georgette Pierpont to report a crash that happened yesterday morning. Around 0900 she was operating her Chevrolet Malibu (Unit#2) Southbound on 10th St while an unknown driver and Blue Van (Unit #1) was traveling infront of her. Unit #2 stated that Unit#2 stopped in the roadway and started to back up and made contact with the front of her vehicle. Unit #2 stated that Unit #1 then took off and fled from the scene. Respectfully; OFC Joshua C. Craft,11/2/2020 9:00,11/3/2020 11:53,11/3/2020 12:00,Dry,0,0,False,False,False,False
332,Property Damage Only,2,1,10/30/2020 21:25,40.054970000000004,-82.39563000000001,,,,Fleek,Avenue,Other/Unknown,Clear,Dark - Roadway Not Lighted,Heath PD was in pursuit of Unit 1 on Spencer St. when the lead officer observed the vehicle turn to travel west in the alley between East St. and Fleek Ave. The officer stated that when he arrived at 134 Fleek Ave; he observed the vehicle facing south after colliding with the the house and striking Unit 2 which was parked north of the house unoccupied. Once on scene the vehicle occupants had fled the vehicle.,10/30/2020 21:25,10/30/2020 21:25,10/30/2020 21:27,Dry,0,0,False,False,False,False
333,Property Damage Only,2,1,11/4/2020 8:34,40.07098,-82.43029,,,North,21st,Square,Rear-end,Clear,Daylight,Unit #2 was s/b on N 21st St IFO Community Bank slowing/stopped in traffic when Unit #1 failed to slow/stop and rear ended Unit #2 and caused a crash.  Unit #1 is at fault.,11/4/2020 8:34,11/4/2020 9:02,11/4/2020 9:02,Dry,0,0,False,False,False,False
334,Property Damage Only,2,1,11/4/2020 9:30,40.060274,-82.386364,,,,CEDAR,Street,Sideswipe; same direction,Clear,Daylight,Unit 1 and Unit 2 were both travelling southbound on Cedar St. Unit 2 slowed to turn westbound into a private parking lot when Unit 1 attempted to pass Unit 2 to the right colliding with Unit 1. No injuries were reported at the time of the report. ,11/4/2020 9:34,11/4/2020 9:35,11/4/2020 9:40,Dry,0,0,False,False,False,False
335,Minor Injury Suspected,3,1,11/4/2020 17:13,40.065657,-82.408301,State Route,13,,,,Rear-end,Clear,Dawn/Dusk,Unit 3 was stopped facing north on Mt. Vernon Rd. to turn left onto Commodore St. Unit 2 was stopped behind Unit 3 waiting for Unit 3 to turn. As both Units 2 and 3 were stopped on Mt. Vernon Rd.; Unit 1 rear ended Unit 2. As Unit 2 was struck by Unit 1; it then struck Unit 3 which was still stopped waiting to turn. Both occupant and driver of Unit 3 were transported to LMH by NFD for minor; non life threatening injuries. Family arrived on scene for Unit 3 which was driven home. Unit 2 was towed by Jae's Towing to Coughlin Automotive per owners request. The driver of Unit 1 was then citied for ACDA and released from the scene.,11/4/2020 17:13,11/4/2020 17:13,11/4/2020 17:16,Dry,0,0,False,False,False,False
336,Property Damage Only,1,1,11/4/2020 18:16,40.073827,-82.394803,,,North,Buena Vista,Street,Not Collision Between Two Vehicles in Transport,Clear,Dark - Roadway Not Lighted,On the listed date and time; Officer Tyson and I were dispatched to the listed location in reference to an injury accident. Upon arrival; we observed unit #1 had sturck a utility pole(#1047-012) that was located on the west side of the roadway. There were electrical wires and the top portion of the utility pole laying in the roadway. I spoke with the driver of unit #1. She stated she had taken her eyes off the roadway to look at her phone; then ran off the roadway while traveling southbound on N. Buena Vista St. Unit #1 then struck the utility pole causing major damage to the pole. Unit #1 had minor damage as it appeared to have a small crack in the front bumper with a cracked windshield. The driver of unit #1 advised Newark EMS she had no injuries from the accident. The driver was issued a citation by Offficer Tyson. Windstream arrived on scene to fix the utility pole. Respectfully submitted; Officer Brandon M. Shepherd #3267,11/4/2020 18:16,11/4/2020 18:16,11/4/2020 18:25,Dry,0,0,False,False,False,False
337,Property Damage Only,2,1,11/6/2020 13:47,40.060637,-82.45100699999999,,,,Ganville,Road,Rear-end,Clear,Daylight,11/06/2020; 1347 hours; Unit#02 was traveling east on Granville Rd and stopped at the Country Club Drive intersection.  Unit#01 was traveling behind Unit#02; in the same lane; and failed to maintain an assured clear distance ahead and struck Unit#02 in the rear.,11/6/2020 13:47,11/6/2020 13:47,11/6/2020 14:01,Dry,0,0,False,False,False,False
338,Property Damage Only,2,2,11/6/2020 12:01,40.049233,-82.44029599999999,,,West,Main,Street,Sideswipe; opposite direction,Clear,Daylight,Unit#1 was traveling east on W. Main St. Unit#2 was traveling west on W. Main Street in the area of S. 29th St.; when she went left of center; striking the driver side to Unit#1.  Unit#2 was cited for failure to control. ,11/6/2020 12:01,11/6/2020 12:07,11/6/2020 12:14,Dry,0,0,False,False,False,False
339,Property Damage Only,2,1,11/6/2020 5:15,40.065211,-82.38834200000001,,,,Rosehill,Avenue,Sideswipe; same direction,Clear,Dark - Lighted Roadway,Unit 01 was traveling NB when it struck Unit 02 which was legally parked. Unit 01 failed to stop after striking the vehicle. Unit 02 suffered minor damage. Video was located of the accident but unable to make out the vehicle at this time.,11/6/2020 20:11,11/6/2020 21:31,11/6/2020 21:48,Dry,0,0,False,False,False,False
341,Property Damage Only,2,2,11/9/2020 17:39,40.06106,-82.38802,State Route,16W,,,,Sideswipe; same direction,Clear,Dark - Unknown Roadway Lighting,Unit 1 was traveling westbound on State Route 16. Unit 2 was entering the highway from Cedar Street and was merging onto 16 westbound. Unit 2 did not yeild to Unit 1 and side swiped Unit 1. This impacted cause Unit 2 to spin and disable the vehicle on State Route 16 westbound.,11/9/2020 17:39,11/9/2020 17:41,11/9/2020 17:43,Dry,0,0,False,False,False,False
342,Property Damage Only,2,2,11/9/2020 17:45,40.071914,-82.41794200000001,,,,JEFFERSON ,Street,Angle,Clear,Dark - Lighted Roadway,Unit 1 was traveling southbound on North 12th Street and came to the stop sign at Jefferson Street and stopped. Unit 2 was traveling eastbound on Jefferson Street and came to the stop sign at North 12th Street. Unit 1 then entered the intersection to travel east on Jefferson Street. Unit 2 then entered the intersection not yeilding to Unit1 striking Unit 1 in the passenger side door. Unit 2 was cited for failure to yield at a stop sign.,11/9/2020 17:45,11/9/2020 18:28,11/9/2020 18:32,Dry,0,0,False,False,False,False